x,y,yaw,qw,qx,qy,qz
-1.2526776790618896,3.8369908332824707,1.5718582609869578,0.7067312310940879,0.0,0.0,0.7074821319271851
-0.3049020767211914,1.9274916648864746,1.5696116675205323,0.707525497419446,0.0,0.0,0.7066878168621314
-1.1804970502853394,3.007450819015503,2.373676452484656,0.37459330230239696,0.0,0.0,0.9271892244144044
