x,y,yaw,qw,qx,qy,qz
3.5771877765655518,1.993728756904602,-0.8556842640995811,0.9098631848701624,0.0,0.0,-0.414908405335352
3.0305874347686768,3.7206168174743652,-0.8888676490888888,0.9028542354015708,0.0,0.0,-0.42994677533090636
3.2646565437316895,2.7399628162384033,-1.3600085660965189,0.7775700255929288,0.0,0.0,-0.6287963543941807
