x,y,yaw,qw,qx,qy,qz
-0.9377894401550293,3.822498083114624,1.5578111049934893,0.7116828144915247,0.0,0.0,0.7025009406096351
-0.2699899673461914,1.8807568550109863,1.5922262893195467,0.6994896988872612,0.0,0.0,0.7146426807507432
-0.9493622779846191,2.9574174880981445,2.1261618537839695,0.4861821024354529,0.0,0.0,0.8738575188618811
