x,y,yaw,qw,qx,qy,qz
3.557239294052124,1.6563745737075806,-1.18,0.5567796749736583,0.0,0.0,0.8306602154528814
3.05416440963745,3.6540822982788086,2.2421116828918457,0.40771110393699883,0.0,0.0,0.9131109766761506
3.05416440963745,3.6540822982788086,2.2421116828918457,0.40771110393699883,0.0,0.0,0.9131109766761506
