x,y,yaw,qw,qx,qy,qz
-5.533010005950928,3.9046478271484375,-3.08847443329904,0.02655598784995341,0.0,0.0,-0.9996473275657336
-5.8953423500061035,3.903970956802368,-3.094735713785011,0.023426326673235118,0.0,0.0,-0.9997255659522762
-6.194939613342285,3.888558864593506,-3.093437705633301,0.024075147661068535,0.0,0.0,-0.999710151626509
-6.540048122406006,3.894047737121582,-3.0782623679300167,0.03165985142090151,0.0,0.0,-0.9994987012537868
-4.487428665161133,4.53028678894043,-3.105105370252473,0.018242629678889087,0.0,0.0,-0.999833589384953
