x,y,yaw,qw,qx,qy,qz
-5.448110103607178,3.888681411743164,-3.1187062276862374,0.011442963210778066,0.0,0.0,-0.9999345271531316
-4.377700328826904,4.505032062530518,-3.1393948140507635,0.0010989195483344558,0.0,0.0,-0.9999993961877309
-5.082984447479248,3.9115869998931885,-2.1958882901037953,0.45542735462526596,0.0,0.0,-0.890272949526735
