x,y,yaw,qw,qx,qy,qz
3.4640135765075684,1.7171204090118408,-0.8575806802621148,0.9094693563978802,0.0,0.0,-0.4157709583090497
3.2186906337738037,3.5557303428649902,-0.8314658339824478,0.9148205699851398,0.0,0.0,-0.40386052633559516
