x,y,yaw,qw,qx,qy,qz
-5.4532036781311035,3.876555919647217,-3.1355052419809595,0.0030437011048637264,0.0,0.0,-0.9999953679310641
-4.546709060668945,4.468830585479736,3.1365876463986755,0.0025025009835614523,0.0,0.0,0.9999968687395113
